"Label (Grouping)","United States!!Total!!Estimate","United States!!Total!!Margin of Error","United States!!Percent!!Estimate","United States!!Percent!!Margin of Error","United States!!In public school!!Estimate","United States!!In public school!!Margin of Error","United States!!Percent in public school!!Estimate","United States!!Percent in public school!!Margin of Error","United States!!In private school!!Estimate","United States!!In private school!!Margin of Error","United States!!Percent in private school!!Estimate","United States!!Percent in private school!!Margin of Error"
"Population 3 years and over enrolled in school","80,972,743","±113,618","(X)","(X)","(X)","(X)","81.7%","±0.1","(X)","(X)","18.3%","±0.1"
"    Nursery school, preschool","4,733,955","±42,185","5.8%","±0.1","2,805,316","±35,454","59.3%","±0.5","1,928,639","±27,116","40.7%","±0.5"
"    Kindergarten to 12th grade","54,435,933","±63,417","67.2%","±0.1","47,143,511","±87,546","86.6%","±0.1","7,292,422","±62,620","13.4%","±0.1"
"        Kindergarten","4,018,261","±36,613","5.0%","±0.1","3,366,632","±35,252","83.8%","±0.4","651,629","±16,199","16.2%","±0.4"
"        Elementary: grade 1 to grade 4","15,908,585","±62,606","19.6%","±0.1","13,692,545","±65,403","86.1%","±0.2","2,216,040","±33,309","13.9%","±0.2"
"        Elementary: grade 5 to grade 8","16,802,960","±65,779","20.8%","±0.1","14,500,973","±65,064","86.3%","±0.2","2,301,987","±29,034","13.7%","±0.2"
"        High school: grade 9 to grade 12","17,706,127","±55,104","21.9%","±0.1","15,583,361","±56,418","88.0%","±0.1","2,122,766","±26,090","12.0%","±0.1"
"    College, undergraduate","17,005,362","±89,066","21.0%","±0.1","13,291,412","±79,749","78.2%","±0.2","3,713,950","±37,037","21.8%","±0.2"
"    Graduate, professional school","4,797,493","±47,605","5.9%","±0.1","2,946,451","±35,553","61.4%","±0.4","1,851,042","±28,396","38.6%","±0.4"
"Population enrolled in college or graduate school","21,802,855","±100,590","26.9%","±0.1","16,237,863","±86,972","74.5%","±0.2","5,564,992","±46,102","25.5%","±0.2"
"    Males enrolled in college or graduate school","9,626,709","±69,408","24.0%","±0.1","7,243,992","±61,418","75.2%","±0.3","2,382,717","±29,135","24.8%","±0.3"
"    Females enrolled in college or graduate school","12,176,146","±61,935","29.8%","±0.1","8,993,871","±56,252","73.9%","±0.2","3,182,275","±32,953","26.1%","±0.2"
"Population 3 to 4 years","7,616,675","±45,280","(X)","(X)","(X)","(X)","(X)","(X)","(X)","(X)","(X)","(X)"
"    3 to 4 year olds enrolled in school","3,753,213","±37,055","49.3%","±0.4","2,192,169","±32,201","58.4%","±0.5","1,561,044","±22,034","41.6%","±0.5"
"Population 5 to 9 years","19,806,742","±65,396","(X)","(X)","(X)","(X)","(X)","(X)","(X)","(X)","(X)","(X)"
"    5 to 9 year olds enrolled in school","18,828,282","±66,145","95.1%","±0.1","15,890,303","±70,062","84.4%","±0.2","2,937,979","±39,576","15.6%","±0.2"
"Population 10 to 14 years","21,346,363","±65,976","(X)","(X)","(X)","(X)","(X)","(X)","(X)","(X)","(X)","(X)"
"    10 to 14 year olds enrolled in school","20,914,046","±65,862","98.0%","±0.1","18,089,018","±67,380","86.5%","±0.2","2,825,028","±33,212","13.5%","±0.2"
"Population 15 to 17","13,411,160","±22,154","(X)","(X)","(X)","(X)","(X)","(X)","(X)","(X)","(X)","(X)"
"    15 to 17 year olds enrolled in school","12,955,699","±28,863","96.6%","±0.1","11,394,056","±37,214","87.9%","±0.2","1,561,643","±20,210","12.1%","±0.2"
"Population 18 to 19 years","9,038,404","±37,312","(X)","(X)","(X)","(X)","(X)","(X)","(X)","(X)","(X)","(X)"
"    18 and 19 year olds enrolled in school","6,580,327","±33,540","72.8%","±0.3","5,310,720","±34,669","80.7%","±0.3","1,269,607","±16,629","19.3%","±0.3"
"Population 20 to 24 years","22,232,555","±38,762","(X)","(X)","(X)","(X)","(X)","(X)","(X)","(X)","(X)","(X)"
"    20 to 24 year olds enrolled in school","8,526,371","±53,733","38.4%","±0.2","6,474,381","±47,774","75.9%","±0.3","2,051,990","±29,181","24.1%","±0.3"
"Population 25 to 34 years","46,198,405","±43,885","(X)","(X)","(X)","(X)","(X)","(X)","(X)","(X)","(X)","(X)"
"    25 to 34 year olds enrolled in school","4,784,663","±50,307","10.4%","±0.1","3,532,807","±35,075","73.8%","±0.4","1,251,856","±26,635","26.2%","±0.4"
"Population 35 years and over","189,712,314","±52,032","(X)","(X)","(X)","(X)","(X)","(X)","(X)","(X)","(X)","(X)"
"    35 years and over enrolled in school","4,630,142","±45,718","2.4%","±0.1","3,303,236","±40,095","71.3%","±0.5","1,326,906","±24,522","28.7%","±0.5"
"Population 18 to 24 years","31,270,959","±48,363","(X)","(X)","(X)","(X)","(X)","(X)","(X)","(X)","(X)","(X)"
"    Enrolled in college or graduate school","12,650,448","±63,659","40.5%","±0.2","9,635,824","±59,836","76.2%","±0.2","3,014,624","±30,571","23.8%","±0.2"
"    Males 18 to 24 years","16,005,442","±29,069","(X)","(X)","(X)","(X)","(X)","(X)","(X)","(X)","(X)","(X)"
"        Enrolled in college or graduate school","5,801,638","±43,917","36.2%","±0.3","4,470,449","±41,152","77.1%","±0.3","1,331,189","±19,122","22.9%","±0.3"
"    Females 18 to 24 years","15,265,517","±26,562","(X)","(X)","(X)","(X)","(X)","(X)","(X)","(X)","(X)","(X)"
"        Enrolled in college or graduate school","6,848,810","±44,543","44.9%","±0.3","5,165,375","±42,629","75.4%","±0.3","1,683,435","±23,486","24.6%","±0.3"